Actual,Predicted
15.9,21.708416053637645
15.3,19.840236949696994
11.2,17.92240763963463
13.8,16.12942994376346
17.5,18.05686649983486
19.0,17.94266354552742
14.4,13.798277791846223
14.8,14.578763804177576
12.0,15.841506411211828
12.0,14.986621964844039
17.4,16.098229766071647
10.7,12.571048503064516
20.9,19.082447310469707
13.3,17.47648337613074
21.6,20.3968306451074
13.7,15.703158349144102
16.1,20.63939955800718
11.2,16.192730147937425
20.0,16.050915531072942
16.4,14.971029024784896
